Miami_Illinois,MY:Standard,‑aaciipihkii,‑aačiipihkii
Miami_Illinois,MY:Standard,‑aacimwi,‑aačimwi
Miami_Illinois,MY:Standard,‑aahkal,‑aahkal
Miami_Illinois,MY:Standard,‑aahkaw,‑aahkaw
Miami_Illinois,MY:Standard,‑aahkii,‑aahkii
Miami_Illinois,MY:Standard,‑aahkosi,‑aahkosi
Miami_Illinois,MY:Standard,‑aahkw,‑aahkw
Miami_Illinois,MY:Standard,‑aahkw‑,‑aahkw‑
Miami_Illinois,MY:Standard,‑aahkwat,‑aahkwat
Miami_Illinois,MY:Standard,‑aahkwee,‑aahkwee
Miami_Illinois,MY:Standard,‑aahši,‑aahši
Miami_Illinois,MY:Standard,‑aahšii,‑aahšii
Miami_Illinois,MY:Standard,‑aahšii‑,‑aahšii‑
Miami_Illinois,MY:Standard,‑aahsin,‑aahsin
Miami_Illinois,MY:Standard,‑aakamom,‑aakamom
Miami_Illinois,MY:Standard,‑aakamwi,‑aakamwi
Miami_Illinois,MY:Standard,‑aalaantee,‑aalaantee
Miami_Illinois,MY:Standard,‑aalahkwat,‑aalahkwat
Miami_Illinois,MY:Standard,‑aalak‑,‑aalak‑
Miami_Illinois,MY:Standard,‑aalakat,‑aalakat
Miami_Illinois,MY:Standard,‑aalakiinkwee,‑aalakiinkwee
Miami_Illinois,MY:Standard,‑aalakiinkwee‑,‑aalakiinkwee‑
Miami_Illinois,MY:Standard,‑aalakitee,‑aalakitee
Miami_Illinois,MY:Standard,‑aalawee,‑aalawee
Miami_Illinois,MY:Standard,‑aalawee‑,‑aalawee‑
Miami_Illinois,MY:Standard,‑aalawi,‑aalawi
Miami_Illinois,MY:Standard,‑aalee,‑aalee
Miami_Illinois,MY:Standard,‑aalee,‑aalee
Miami_Illinois,MY:Standard,‑aalintam,‑aalintam
Miami_Illinois,MY:Standard,‑aamihki,‑aamihki
Miami_Illinois,MY:Standard,‑aamihki‑,‑aamihki‑
Miami_Illinois,MY:Standard,‑aampihkan,‑aampihkan
Miami_Illinois,MY:Standard,‑aampikan‑,‑aampikan‑
Miami_Illinois,MY:Standard,‑aampikanee‑,‑aampikanee‑
Miami_Illinois,MY:Standard,‑aanihs,‑aanihs
Miami_Illinois,MY:Standard,‑aankan,‑aankan
Miami_Illinois,MY:Standard,‑aankan‑,‑aankan‑
Miami_Illinois,MY:Standard,‑aankani,‑aankani
Miami_Illinois,MY:Standard,‑aankati,‑aankati
Miami_Illinois,MY:Standard,‑aankwee,‑aankwee
Miami_Illinois,MY:Standard,‑aantawee,‑aantawee
Miami_Illinois,MY:Standard,‑aantawee‑,‑aantawee‑
Miami_Illinois,MY:Standard,‑aap,‑aap
Miami_Illinois,MY:Standard,‑aapahal,‑aapahal
Miami_Illinois,MY:Standard,‑aapahee,‑aapahee
Miami_Illinois,MY:Standard,‑aapam,‑aapam
Miami_Illinois,MY:Standard,‑aapantam,‑aapantam
Miami_Illinois,MY:Standard,‑aapanti,‑aapanti
Miami_Illinois,MY:Standard,‑aapawaa,‑aapawaa
Miami_Illinois,MY:Standard,‑aapawal,‑aapawal
Miami_Illinois,MY:Standard,‑aapawee,‑aapawee
Miami_Illinois,MY:Standard,‑aapi,‑aapi
Miami_Illinois,MY:Standard,‑aapii‑,‑aapii‑
Miami_Illinois,MY:Standard,‑aapiik‑,‑aapiik‑
Miami_Illinois,MY:Standard,‑aapiikaa,‑aapiikaa
Miami_Illinois,MY:Standard,‑aapiikal,‑aapiikal
Miami_Illinois,MY:Standard,‑aapiikas,‑aapiikas
Miami_Illinois,MY:Standard,‑aapiikat,‑aapiikat
Miami_Illinois,MY:Standard,‑aapiikatoo,‑aapiikatoo
Miami_Illinois,MY:Standard,‑aapiikis,‑aapiikis
Miami_Illinois,MY:Standard,‑aapiikw,‑aapiikw
Miami_Illinois,MY:Standard,‑aapinti,‑aapinti
Miami_Illinois,MY:Standard,‑aapinti,‑aapinti
Miami_Illinois,MY:Standard,‑aapitee,‑aapitee
Miami_Illinois,MY:Standard,‑aapitee,‑aapitee
Miami_Illinois,MY:Standard,‑aapoo‑,‑aapoo‑
Miami_Illinois,MY:Standard,‑aapow,‑aapow
Miami_Illinois,MY:Standard,‑aapowee,‑aapowee
Miami_Illinois,MY:Standard,‑aapowee,‑aapowee
Miami_Illinois,MY:Standard,‑aapowi,‑aapowi
Miami_Illinois,MY:Standard,‑aatawee,‑aatawee
Miami_Illinois,MY:Standard,‑aataweem,‑aataweem
Miami_Illinois,MY:Standard,‑aci,‑ači
Miami_Illinois,MY:1,‑ači,‑ači
Miami_Illinois,MY:Standard,‑aciipihk,‑ačiipihk
Miami_Illinois,MY:Standard,‑aciw,‑ačiw
Miami_Illinois,MY:Standard,‑ah(w),‑ah(w)
Miami_Illinois,MY:Standard,‑aham,‑aham
Miami_Illinois,MY:Standard,‑ahan,‑ahan
Miami_Illinois,MY:Standard,‑ahiko,‑ahiko
Miami_Illinois,MY:Standard,‑ahk,‑ahk
Miami_Illinois,MY:Standard,‑ahki,‑ahki
Miami_Illinois,MY:Standard,‑ahki‑,‑ahki‑
Miami_Illinois,MY:Standard,‑ahkihkw,‑ahkihkw
Miami_Illinois,MY:Standard,‑ahkisin,‑ahkisin
Miami_Illinois,MY:Standard,‑ahkisin,‑ahkisin
Miami_Illinois,MY:Standard,‑ahkolay,‑ahkolay
Miami_Illinois,MY:Standard,‑ahkompee,‑ahkompee
Miami_Illinois,MY:Standard,‑ahoko,‑ahoko
Miami_Illinois,MY:Standard,‑ahol,‑ahol
Miami_Illinois,MY:Standard,‑ahol,‑ahol
Miami_Illinois,MY:Standard,‑ahosi,‑ahosi
Miami_Illinois,MY:Standard,‑ahotee,‑ahotee
Miami_Illinois,MY:Standard,‑ahotoo,‑ahotoo
Miami_Illinois,MY:Standard,‑ahs,‑ahs
Miami_Illinois,MY:Standard,‑ahsap,‑ahsap
Miami_Illinois,MY:Standard,‑ahsapii,‑ahsapii
Miami_Illinois,MY:Standard,‑ahsen,‑ahsen
Miami_Illinois,MY:Standard,‑ahsen,‑ahsen
Miami_Illinois,MY:Standard,‑ahši,‑ahši
Miami_Illinois,MY:Standard,‑ahših,‑ahših
Miami_Illinois,MY:Standard,‑ahšihtoo,‑ahšihtoo
Miami_Illinois,MY:Standard,‑ahsimw,‑ahsimw
Miami_Illinois,MY:Standard,‑ahtee,‑ahtee
Miami_Illinois,MY:Standard,‑ahtee,‑ahtee
Miami_Illinois,MY:Standard,‑ahtoo,‑ahtoo
Miami_Illinois,MY:Standard,‑ahw,‑ahw
Miami_Illinois,MY:Standard,‑ahwi,‑ahwi
Miami_Illinois,MY:Standard,‑ahwi,‑ahwi
Miami_Illinois,MY:Standard,‑akwi,‑akwi
Miami_Illinois,MY:Standard,‑alanii‑,‑alanii‑
Miami_Illinois,MY:Standard,‑alel(e),‑alel(e)
Miami_Illinois,MY:Standard,‑alet,‑alet
Miami_Illinois,MY:Standard,‑alw,‑alw
Miami_Illinois,MY:Standard,‑am,‑am
Miami_Illinois,MY:Standard,‑ameekw,‑ameekw
Miami_Illinois,MY:Standard,‑ameekwi,‑ameekwi
Miami_Illinois,MY:Standard,‑ankwan,‑ankwan
Miami_Illinois,MY:Standard,‑anowee‑,‑anowee‑
Miami_Illinois,MY:Standard,‑ansooy,‑ansooy
Miami_Illinois,MY:Standard,‑antam,‑antam
Miami_Illinois,MY:Standard,‑antee,‑antee
Miami_Illinois,MY:Standard,‑api,‑api
Miami_Illinois,MY:Standard,‑ate‑,‑ate‑
Miami_Illinois,MY:Standard,‑aten,‑aten
Miami_Illinois,MY:Standard,‑aten,‑aten
Miami_Illinois,MY:Standard,‑awee,‑awee
Miami_Illinois,MY:Standard,‑aweem,‑aweem
Miami_Illinois,MY:Standard,‑aweentam,‑aweentam
Miami_Illinois,MY:Standard,‑ay,‑ay
Miami_Illinois,MY:Standard,‑e(h)tam,‑e(h)tam
Miami_Illinois,MY:Standard,‑ec,‑eč
Miami_Illinois,MY:Standard,‑ecii,‑ečii
Miami_Illinois,MY:Standard,‑ecii,‑ečii
Miami_Illinois,MY:Standard,‑eek‑,‑eek‑
Miami_Illinois,MY:Standard,‑eeki,‑eeki
Miami_Illinois,MY:Standard,‑eekin,‑eekin
Miami_Illinois,MY:Standard,‑eekin,‑eekin
Miami_Illinois,MY:Standard,‑eeli,‑eeli
Miami_Illinois,MY:Standard,‑eeli,‑eeli
Miami_Illinois,MY:Standard,‑eeli,‑eeli
Miami_Illinois,MY:Standard,‑eelim,‑eelim
Miami_Illinois,MY:Standard,‑eelintam,‑eelintam
Miami_Illinois,MY:Standard,‑eelisi,‑eelisi
Miami_Illinois,MY:Standard,‑ehkaa,‑ehkaa
Miami_Illinois,MY:Standard,‑ehkam,‑ehkam
Miami_Illinois,MY:Standard,‑ehkaw,‑ehkaw
Miami_Illinois,MY:Standard,‑ehkawee,‑ehkawee
Miami_Illinois,MY:Standard,‑ehkii,‑ehkii
Miami_Illinois,MY:Standard,‑ehkwee,‑ehkwee
Miami_Illinois,MY:Standard,‑ehšii,‑ehšii
Miami_Illinois,MY:Standard,‑ehtam,‑ehtam
Miami_Illinois,MY:Standard,‑ehtaw,‑ehtaw
Miami_Illinois,MY:Standard,‑ekaa,‑ekaa
Miami_Illinois,MY:Standard,‑ekwaam,‑ekwaam
Miami_Illinois,MY:Standard,‑elaan,‑elaan
Miami_Illinois,MY:Standard,‑elaan,‑elaan
Miami_Illinois,MY:Standard,‑en,‑en
Miami_Illinois,MY:Standard,‑enam,‑enam
Miami_Illinois,MY:Standard,‑epii‑,‑epii‑
Miami_Illinois,MY:Standard,‑esam,‑esam
Miami_Illinois,MY:Standard,‑ešam,‑ešam
Miami_Illinois,MY:Standard,‑esi,‑esi
Miami_Illinois,MY:Standard,‑ešiko,‑ešiko
Miami_Illinois,MY:Standard,‑esw,‑esw
Miami_Illinois,MY:Standard,‑ešw,‑ešw
Miami_Illinois,MY:Standard,‑etee,‑etee
Miami_Illinois,MY:Standard,‑eton,‑eton
Miami_Illinois,MY:Standard,‑i(h)kaašiko,‑i(h)kaašiko
Miami_Illinois,MY:Standard,‑i(h)kwaal,‑i(h)kwaal
Miami_Illinois,MY:Standard,‑i(h)kwaatam,‑i(h)kwaatam
Miami_Illinois,MY:Standard,‑i(h)kwaatee,‑i(h)kwaatee
Miami_Illinois,MY:Standard,‑i(h)kwaatee,‑i(h)kwaatee
Miami_Illinois,MY:Standard,‑i(h)teekwee,‑i(h)teekwee
Miami_Illinois,MY:Standard,‑i(h)too,‑i(h)too
Miami_Illinois,MY:Standard,‑iciihci,‑ičiihči
Miami_Illinois,MY:Standard,‑icimee,‑ičimee
Miami_Illinois,MY:Standard,‑ih(w),‑ih(w)
Miami_Illinois,MY:Standard,‑ihciwee,‑ihčiwee
Miami_Illinois,MY:Standard,‑ihciwee‑,‑ihčiwee‑
Miami_Illinois,MY:Standard,‑ihk,‑ihk
Miami_Illinois,MY:Standard,‑ihkahkwan,‑ihkahkwan
Miami_Illinois,MY:Standard,‑ihkahkwan‑,‑ihkahkwan‑
Miami_Illinois,MY:Standard,‑ihkan,‑ihkan
Miami_Illinois,MY:Standard,‑ihkanaw,‑ihkanaw
Miami_Illinois,MY:Standard,‑ihkanawee,‑ihkanawee
Miami_Illinois,MY:Standard,‑ihkanawee,‑ihkanawee
Miami_Illinois,MY:Standard,‑ihkiaakan,‑ihkiaakan
Miami_Illinois,MY:Standard,‑ihkicee,‑ihkičee
Miami_Illinois,MY:Standard,‑ihkii,‑ihkii
Miami_Illinois,MY:Standard,‑ihkii‑,‑ihkii‑
Miami_Illinois,MY:Standard,‑ihkinaahkw,‑ihkinaahkw
Miami_Illinois,MY:Standard,‑ihkolayi,‑ihkolayi
Miami_Illinois,MY:Standard,‑ihkolayi‑,‑ihkolayi‑
Miami_Illinois,MY:Standard,‑ihkolee,‑ihkolee
Miami_Illinois,MY:Standard,‑ihkomaan,‑ihkomaan
Miami_Illinois,MY:Standard,‑ihkomee,‑ihkomee
Miami_Illinois,MY:Standard,‑ihkomee,‑ihkomee
Miami_Illinois,MY:Standard,‑ihkw,‑ihkw
Miami_Illinois,MY:Standard,‑ihlolay,‑ihlolay
Miami_Illinois,MY:Standard,‑ihpal,‑ihpal
Miami_Illinois,MY:Standard,‑ihpehkošikan,‑ihpehkošikan
Miami_Illinois,MY:Standard,‑ihpehkošikanee‑,‑ihpehkošikanee‑
Miami_Illinois,MY:Standard,‑ihpenal,‑ihpenal
Miami_Illinois,MY:Standard,‑ihpenatoo,‑ihpenatoo
Miami_Illinois,MY:Standard,‑ihpin,‑ihpin
Miami_Illinois,MY:Standard,‑ihpotoo,‑ihpotoo
Miami_Illinois,MY:Standard,‑ihpw,‑ihpw
Miami_Illinois,MY:Standard,‑ihsaa,‑ihsaa
Miami_Illinois,MY:Standard,‑ihsaa,‑ihsaa
Miami_Illinois,MY:Standard,‑ihsen,‑ihsen
Miami_Illinois,MY:Standard,‑ihsetoo,‑ihsetoo
Miami_Illinois,MY:Standard,‑ihšim,‑ihšim
Miami_Illinois,MY:Standard,‑ihšin,‑ihšin
Miami_Illinois,MY:Standard,‑ihtaankan,‑ihtaankan
Miami_Illinois,MY:Standard,‑ihtaankanee‑,‑ihtaankanee‑
Miami_Illinois,MY:Standard,‑ihtam,‑ihtam
Miami_Illinois,MY:Standard,‑ihtan,‑ihtan
Miami_Illinois,MY:Standard,‑ihtawakii,‑ihtawakii
Miami_Illinois,MY:Standard,‑ihtawakii‑,‑ihtawakii‑
Miami_Illinois,MY:Standard,‑iihkwanee,‑iihkwanee
Miami_Illinois,MY:Standard,‑iihsi,‑iihsi
Miami_Illinois,MY:Standard,‑iihsini,‑iihsini
Miami_Illinois,MY:Standard,‑iiki,‑iiki
Miami_Illinois,MY:Standard,‑iikim,‑iikim
Miami_Illinois,MY:Standard,‑iilaniwee,‑iilaniwee
Miami_Illinois,MY:Standard,‑iinkil,‑iinkil
Miami_Illinois,MY:Standard,‑iinkilee‑,‑iinkilee‑
Miami_Illinois,MY:Standard,‑iinkilee‑,‑iinkilee‑
Miami_Illinois,MY:Standard,‑iinkwee,‑iinkwee
Miami_Illinois,MY:Standard,‑iinkwee‑,‑iinkwee‑
Miami_Illinois,MY:Standard,‑iipit,‑iipit
Miami_Illinois,MY:Standard,‑iiwaawee,‑iiwaawee
Miami_Illinois,MY:Standard,‑ikaan,‑ikaan
Miami_Illinois,MY:Standard,‑ikaapaa,‑ikaapaa
Miami_Illinois,MY:Standard,‑ikaapaawi,‑ikaapaawi
Miami_Illinois,MY:Standard,‑ikaapaayom,‑ikaapaayom
Miami_Illinois,MY:Standard,‑ikaataakan,‑ikaataakan
Miami_Illinois,MY:Standard,‑ikaatee,‑ikaatee
Miami_Illinois,MY:Standard,‑ikaatee‑,‑ikaatee‑
Miami_Illinois,MY:Standard,‑ikan,‑ikan
Miami_Illinois,MY:Standard,‑ikanee,‑ikanee
Miami_Illinois,MY:Standard,‑ikanee,‑ikanee
Miami_Illinois,MY:Standard,‑ikašii,‑ikašii
Miami_Illinois,MY:Standard,‑ikašii‑,‑ikašii‑
Miami_Illinois,MY:Standard,‑ikii‑,‑ikii‑
Miami_Illinois,MY:Standard,‑ikitikwee,‑ikitikwee
Miami_Illinois,MY:Standard,‑ikitikwee,‑ikitikwee
Miami_Illinois,MY:Standard,‑ikolee,‑ikolee
Miami_Illinois,MY:Standard,‑ikolee(w)‑,‑ikolee(w)‑
Miami_Illinois,MY:Standard,‑ikon,‑ikon
Miami_Illinois,MY:Standard,‑ikontaakan,‑ikontaakan
Miami_Illinois,MY:Standard,‑ikoši,‑ikoši
Miami_Illinois,MY:Standard,‑ikwee‑,‑ikwee‑
Miami_Illinois,MY:Standard,‑ikweekan,‑ikweekan
Miami_Illinois,MY:Standard,‑ikweekan,‑ikweekan
Miami_Illinois,MY:Standard,‑ilahakii,‑ilahakii
Miami_Illinois,MY:Standard,‑ilahakii,‑ilahakii
Miami_Illinois,MY:Standard,‑ilahakii‑,‑ilahakii‑
Miami_Illinois,MY:Standard,‑ilakahkwee,‑ilakahkwee
Miami_Illinois,MY:Standard,‑ilakiši,‑ilakiši
Miami_Illinois,MY:Standard,‑ilee,‑ilee
Miami_Illinois,MY:Standard,‑ileehsee,‑ileehsee
Miami_Illinois,MY:Standard,‑ilehšiwee,‑ilehšiwee
Miami_Illinois,MY:Standard,‑ilehšiwee‑,‑ilehšiwee‑
Miami_Illinois,MY:Standard,‑ilencii,‑ilenčii
Miami_Illinois,MY:Standard,‑ilencii‑,‑ilenčii‑
Miami_Illinois,MY:Standard,‑ilenee,‑ilenee
Miami_Illinois,MY:Standard,‑ilenkw,‑ilenkw
Miami_Illinois,MY:Standard,‑ilenkwan,‑ilenkwan
Miami_Illinois,MY:Standard,‑ilha(h)aki,‑ilha(h)aki
Miami_Illinois,MY:Standard,‑ilookii,‑ilookii
Miami_Illinois,MY:Standard,‑ilotam,‑ilotam
Miami_Illinois,MY:Standard,‑ilotaw,‑ilotaw
Miami_Illinois,MY:Standard,‑im,‑im
Miami_Illinois,MY:Standard,‑imaamawee,‑imaamawee
Miami_Illinois,MY:Standard,‑imaamawee‑,‑imaamawee‑
Miami_Illinois,MY:Standard,‑imehkomi,‑imehkomi
Miami_Illinois,MY:Standard,‑imin,‑imin
Miami_Illinois,MY:Standard,‑imotayi,‑imotayi
Miami_Illinois,MY:Standard,‑imotee,‑imotee
Miami_Illinois,MY:Standard,‑impee,‑impee
Miami_Illinois,MY:Standard,‑imyaakosi,‑imyaakosi
Miami_Illinois,MY:Standard,‑imyaakw‑,‑imyaakw‑
Miami_Illinois,MY:Standard,‑imyaakwan,‑imyaakwan
Miami_Illinois,MY:Standard,‑imyaasi,‑imyaasi
Miami_Illinois,MY:Standard,‑inaakosi,‑inaakosi
Miami_Illinois,MY:Standard,‑inaakwat,‑inaakwat
Miami_Illinois,MY:Standard,‑inakii,‑inakii
Miami_Illinois,MY:Standard,‑inakiim,‑inakiim
Miami_Illinois,MY:Standard,‑inee,‑inee
Miami_Illinois,MY:Standard,‑inehkii,‑inehkii
Miami_Illinois,MY:Standard,‑inehkii‑,‑inehkii‑
Miami_Illinois,MY:Standard,‑iniiki,‑iniiki
Miami_Illinois,MY:Standard,‑iniikin,‑iniikin
Miami_Illinois,MY:Standard,‑iniikitoo,‑iniikitoo
Miami_Illinois,MY:Standard,‑intepee,‑intepee
Miami_Illinois,MY:Standard,‑intepee‑,‑intepee‑
Miami_Illinois,MY:Standard,‑intepikan,‑intepikan
Miami_Illinois,MY:Standard,‑ipak(w)‑,‑ipak(w)‑
Miami_Illinois,MY:Standard,‑ipakaan,‑ipakaan
Miami_Illinois,MY:Standard,‑ipakaani‑,‑ipakaani‑
Miami_Illinois,MY:Standard,‑ipakat,‑ipakat
Miami_Illinois,MY:Standard,‑ipakw‑,‑ipakw‑
Miami_Illinois,MY:Standard,‑ipaleewee,‑ipaleewee
Miami_Illinois,MY:Standard,‑ipehkwan,‑ipehkwan
Miami_Illinois,MY:Standard,‑ipehkwan(ee)‑,‑ipehkwan(ee)‑
Miami_Illinois,MY:Standard,‑ipihkwee,‑ipihkwee
Miami_Illinois,MY:Standard,‑ipiikan,‑ipiikan
Miami_Illinois,MY:Standard,‑ipiikw,‑ipiikw
Miami_Illinois,MY:Standard,‑ipikwi,‑ipikwi
Miami_Illinois,MY:Standard,‑ipwaamee,‑ipwaamee
Miami_Illinois,MY:Standard,‑ipwaamee‑,‑ipwaamee‑
Miami_Illinois,MY:Standard,‑ipwi,‑ipwi
Miami_Illinois,MY:Standard,‑isi,‑isi
Miami_Illinois,MY:Standard,‑iteehee,‑iteehee
Miami_Illinois,MY:Standard,‑iteehee‑,‑iteehee‑
Miami_Illinois,MY:Standard,‑iteliwee,‑iteliwee
Miami_Illinois,MY:Standard,‑itiwee,‑itiwee
Miami_Illinois,MY:Standard,‑iton,‑iton
Miami_Illinois,MY:Standard,‑iton,‑iton
Miami_Illinois,MY:Standard,‑itoontan,‑itoontan
Miami_Illinois,MY:Standard,‑iwiiwee,‑iwiiwee
Miami_Illinois,MY:Standard,‑iwilee,‑iwilee
Miami_Illinois,MY:Standard,‑iwilee‑,‑iwilee‑
Miami_Illinois,MY:Standard,‑ohsee,‑ohsee
Miami_Illinois,MY:Standard,‑wal,‑wal
Miami_Illinois,MY:Standard,‑wee,‑wee
Miami_Illinois,MY:1,kak(k)‑,kak(k)‑
Miami_Illinois,MY:1,lam‑,lam‑
Miami_Illinois,MY:1,nip‑,nip‑
Miami_Illinois,MY:1,wak‑,wak‑
